{"Ulysses: TSNE": null, "_runtime": 102, "_timestamp": 1683524167, "_step": 2, "Ulysses: umap": null, "Ulysses: heat_matrix": [[0.9999999403953552, 0.8550016283988953, 0.8590688705444336, 0.8099510669708252, 0.8226708173751831, 0.8209255933761597, 0.8413228392601013, 0.8416500687599182, 0.8374113440513611, 0.8558047413825989, 0.8226191401481628, 0.8412790894508362, 0.7858290672302246, 0.8252411484718323, 0.8284896612167358, 0.8121405839920044, 0.6444209814071655, 0.6612752676010132], [0.8550016283988953, 1.0, 0.8644345998764038, 0.8127551078796387, 0.8307327032089233, 0.8522766828536987, 0.8836098909378052, 0.8358680009841919, 0.8783894181251526, 0.8725467920303345, 0.8012470602989197, 0.8776006102561951, 0.7524945139884949, 0.8681752681732178, 0.8114944696426392, 0.8590905666351318, 0.7409203052520752, 0.6455824971199036], [0.8590688705444336, 0.8644345998764038, 1.0000001192092896, 0.8576236963272095, 0.8526606559753418, 0.8432583212852478, 0.8193644285202026, 0.8535207509994507, 0.8634424805641174, 0.8314109444618225, 0.8598417043685913, 0.8471056818962097, 0.8055705428123474, 0.8718664050102234, 0.8820856809616089, 0.8031251430511475, 0.7082274556159973, 0.6655851006507874], [0.8099510669708252, 0.8127551078796387, 0.8576236963272095, 1.0000001192092896, 0.918097734451294, 0.8484329581260681, 0.81824791431427, 0.9219226241111755, 0.7680784463882446, 0.8443658947944641, 0.858159065246582, 0.8049169182777405, 0.86851966381073, 0.8277798891067505, 0.8785749077796936, 0.8139863014221191, 0.7250928282737732, 0.7222570776939392], [0.8226708173751831, 0.8307327032089233, 0.8526606559753418, 0.918097734451294, 1.0, 0.9013867378234863, 0.8538228869438171, 0.9319154024124146, 0.8054423332214355, 0.8819181323051453, 0.8757573366165161, 0.8528584837913513, 0.866039514541626, 0.8535739779472351, 0.8891703486442566, 0.8457739353179932, 0.73459792137146, 0.7567710280418396], [0.8209255933761597, 0.8522766828536987, 0.8432583212852478, 0.8484329581260681, 0.9013867378234863, 0.9999998807907104, 0.8743200302124023, 0.8815877437591553, 0.825547456741333, 0.8998528122901917, 0.8157251477241516, 0.8719304203987122, 0.806033730506897, 0.8369307518005371, 0.8289543986320496, 0.8517686128616333, 0.698390007019043, 0.7155378460884094], [0.8413228392601013, 0.8836098909378052, 0.8193644285202026, 0.81824791431427, 0.8538228869438171, 0.8743200302124023, 1.0, 0.8766339421272278, 0.8266238570213318, 0.9021291136741638, 0.8198111653327942, 0.8840346932411194, 0.7621455788612366, 0.8255107998847961, 0.8368346691131592, 0.8676998019218445, 0.7128034234046936, 0.6552889943122864], [0.8416500687599182, 0.8358680009841919, 0.8535207509994507, 0.9219226241111755, 0.9319154024124146, 0.8815877437591553, 0.8766339421272278, 1.0000001192092896, 0.8096168637275696, 0.8932095766067505, 0.8734252452850342, 0.8780429363250732, 0.8621723651885986, 0.8563027381896973, 0.8931038975715637, 0.8794143199920654, 0.7217676639556885, 0.7673377394676208], [0.8374113440513611, 0.8783894181251526, 0.8634424805641174, 0.7680784463882446, 0.8054423332214355, 0.825547456741333, 0.8266238570213318, 0.8096168637275696, 1.0000001192092896, 0.8367846608161926, 0.8035506010055542, 0.8387565612792969, 0.7730523943901062, 0.8925966024398804, 0.809175431728363, 0.8264402747154236, 0.7314127087593079, 0.6487255096435547], [0.8558047413825989, 0.8725467920303345, 0.8314109444618225, 0.8443658947944641, 0.8819181323051453, 0.8998528122901917, 0.9021291136741638, 0.8932095766067505, 0.8367846608161926, 0.9999998807907104, 0.842875599861145, 0.8992590308189392, 0.8268545269966125, 0.8518905639648438, 0.8408052325248718, 0.8854989409446716, 0.726513147354126, 0.7169342041015625], [0.8226191401481628, 0.8012470602989197, 0.8598417043685913, 0.858159065246582, 0.8757573366165161, 0.8157251477241516, 0.8198111653327942, 0.8734252452850342, 0.8035506010055542, 0.842875599861145, 0.9999999403953552, 0.7963088154792786, 0.8367905020713806, 0.8061829805374146, 0.8964451551437378, 0.7930324673652649, 0.6540210247039795, 0.670211136341095], [0.8412790894508362, 0.8776006102561951, 0.8471056818962097, 0.8049169182777405, 0.8528584837913513, 0.8719304203987122, 0.8840346932411194, 0.8780429363250732, 0.8387565612792969, 0.8992590308189392, 0.7963088154792786, 1.0, 0.7743549346923828, 0.897644579410553, 0.8489245176315308, 0.8984231352806091, 0.7411247491836548, 0.6943315863609314], [0.7858290672302246, 0.7524945139884949, 0.8055705428123474, 0.86851966381073, 0.866039514541626, 0.806033730506897, 0.7621455788612366, 0.8621723651885986, 0.7730523943901062, 0.8268545269966125, 0.8367905020713806, 0.7743549346923828, 1.0, 0.8352411985397339, 0.83501797914505, 0.8006398677825928, 0.6858485341072083, 0.7510450482368469], [0.8252411484718323, 0.8681752681732178, 0.8718664050102234, 0.8277798891067505, 0.8535739779472351, 0.8369307518005371, 0.8255107998847961, 0.8563027381896973, 0.8925966024398804, 0.8518905639648438, 0.8061829805374146, 0.897644579410553, 0.8352411985397339, 0.9999999403953552, 0.8382735252380371, 0.8812653422355652, 0.8087697625160217, 0.7070696949958801], [0.8284896612167358, 0.8114944696426392, 0.8820856809616089, 0.8785749077796936, 0.8891703486442566, 0.8289543986320496, 0.8368346691131592, 0.8931038975715637, 0.809175431728363, 0.8408052325248718, 0.8964451551437378, 0.8489245176315308, 0.83501797914505, 0.8382735252380371, 0.9999999403953552, 0.8077634572982788, 0.6920506954193115, 0.6710736751556396], [0.8121405839920044, 0.8590905666351318, 0.8031251430511475, 0.8139863014221191, 0.8457739353179932, 0.8517686128616333, 0.8676998019218445, 0.8794143199920654, 0.8264402747154236, 0.8854989409446716, 0.7930324673652649, 0.8984231352806091, 0.8006398677825928, 0.8812653422355652, 0.8077634572982788, 1.0, 0.8208316564559937, 0.7456633448600769], [0.6444209814071655, 0.7409203052520752, 0.7082274556159973, 0.7250928282737732, 0.73459792137146, 0.698390007019043, 0.7128034234046936, 0.7217676639556885, 0.7314127087593079, 0.726513147354126, 0.6540210247039795, 0.7411247491836548, 0.6858485341072083, 0.8087697625160217, 0.6920506954193115, 0.8208316564559937, 1.0, 0.5218274593353271], [0.6612752676010132, 0.6455824971199036, 0.6655851006507874, 0.7222570776939392, 0.7567710280418396, 0.7155378460884094, 0.6552889943122864, 0.7673377394676208, 0.6487255096435547, 0.7169342041015625, 0.670211136341095, 0.6943315863609314, 0.7510450482368469, 0.7070696949958801, 0.6710736751556396, 0.7456633448600769, 0.5218274593353271, 1.0]]}